sample	omics	genotype	Chr	Start	End	Ref	Alt	Gene.refGene	Func.refGene	ExonicFunc.refGene	AF	avsnp154	QUAL	INFO_DP	ref.count	counts	ref.count_categ	counts_categ
patient1	exome	het	chr12	52317765	52317765	G	T	KRT83	exonic	stopgain	0.0069	rs2857667	227	18	241.314583724027	0	medium	below cutoff
patient1	exome	het	chr15	75293804	75293804	C	T	GOLGA6D	exonic	stopgain	0.0013	rs201679690	173	118	141.827971227945	7.33641073358649	medium	low
patient1	exome	het	chr16	31428324	31428324	A	G	COX6A2	exonic	startloss	5e-04	rs200780049	128	49	118.475132979066	0	medium	below cutoff
patient1	exome	het	chr16	67884906	67884906	G	A	NRN1L	exonic	startloss	2e-04	rs201174409	236	87	14.6691836602684	4.4018464401519	medium	low
