sample	omics	genotype	Chr	Start	End	Ref	Alt	Gene.refGene	Func.refGene	ExonicFunc.refGene	AF	avsnp154	QUAL	INFO_DP	ref.count	counts
patient1	rnaseq	het	chr6	31356751	31356751	G	A	HLA-B	exonic	stopgain	NA	rs1071817	218	39	39269.1675328289	50423.15097194
patient1	rnaseq	het	chr6	31356749	31356749	C	G	HLA-B	exonic	nonsynonymous SNV	0.0033	rs1131212	167	32	39269.1675328289	50423.15097194
patient1	rnaseq	het	chr6	31356750	31356750	T	G	HLA-B	exonic	nonsynonymous SNV	NA	rs1140404	206	36	39269.1675328289	50423.15097194
patient1	rnaseq	het	chr6	31356717	31356717	A	G	HLA-B	exonic	nonsynonymous SNV	0	rs9266161	358	56	39269.1675328289	50423.15097194
patient1	rnaseq	het	chr6	31356718	31356718	G	C	HLA-B	exonic	nonsynonymous SNV	0	rs9266162	323	55	39269.1675328289	50423.15097194
